{
  "project_info": {
    "project_number": "906609498766",
    "firebase_url": "https://yazilimmuhendisligiprojesi-default-rtdb.firebaseio.com",
    "project_id": "yazilimmuhendisligiprojesi",
    "storage_bucket": "yazilimmuhendisligiprojesi.appspot.com"
  },
  "client": [
    {
      "client_info": {
        "mobilesdk_app_id": "1:906609498766:android:38b78dc2388ea156b1c7df",
        "android_client_info": {
          "package_name": "com.e.muzayede"
        }
      },
      "oauth_client": [
        {
          "client_id": "906609498766-dmj78gb31fq247ms2jrostb9ri70bdmv.apps.googleusercontent.com",
          "client_type": 3
        }
      ],
      "api_key": [
        {
          "current_key": "AIzaSyBisWzx3TktgenV2sPGkIpuCsyA4b9b-r0"
        }
      ],
      "services": {
        "appinvite_service": {
          "other_platform_oauth_client": [
            {
              "client_id": "906609498766-dmj78gb31fq247ms2jrostb9ri70bdmv.apps.googleusercontent.com",
              "client_type": 3
            }
          ]
        }
      }
    },
    {
      "client_info": {
        "mobilesdk_app_id": "1:906609498766:android:8c19818659f5552fb1c7df",
        "android_client_info": {
          "package_name": "com.example.firebasedeneme"
        }
      },
      "oauth_client": [
        {
          "client_id": "906609498766-dmj78gb31fq247ms2jrostb9ri70bdmv.apps.googleusercontent.com",
          "client_type": 3
        }
      ],
      "api_key": [
        {
          "current_key": "AIzaSyBisWzx3TktgenV2sPGkIpuCsyA4b9b-r0"
        }
      ],
      "services": {
        "appinvite_service": {
          "other_platform_oauth_client": [
            {
              "client_id": "906609498766-dmj78gb31fq247ms2jrostb9ri70bdmv.apps.googleusercontent.com",
              "client_type": 3
            }
          ]
        }
      }
    },
    {
      "client_info": {
        "mobilesdk_app_id": "1:906609498766:android:34313c3c7d6b379bb1c7df",
        "android_client_info": {
          "package_name": "com.example.firebasedeneme1"
        }
      },
      "oauth_client": [
        {
          "client_id": "906609498766-dmj78gb31fq247ms2jrostb9ri70bdmv.apps.googleusercontent.com",
          "client_type": 3
        }
      ],
      "api_key": [
        {
          "current_key": "AIzaSyBisWzx3TktgenV2sPGkIpuCsyA4b9b-r0"
        }
      ],
      "services": {
        "appinvite_service": {
          "other_platform_oauth_client": [
            {
              "client_id": "906609498766-dmj78gb31fq247ms2jrostb9ri70bdmv.apps.googleusercontent.com",
              "client_type": 3
            }
          ]
        }
      }
    },
    {
      "client_info": {
        "mobilesdk_app_id": "1:906609498766:android:3124ac1c0731c6b9b1c7df",
        "android_client_info": {
          "package_name": "com.example.loginscreen"
        }
      },
      "oauth_client": [
        {
          "client_id": "906609498766-dmj78gb31fq247ms2jrostb9ri70bdmv.apps.googleusercontent.com",
          "client_type": 3
        }
      ],
      "api_key": [
        {
          "current_key": "AIzaSyBisWzx3TktgenV2sPGkIpuCsyA4b9b-r0"
        }
      ],
      "services": {
        "appinvite_service": {
          "other_platform_oauth_client": [
            {
              "client_id": "906609498766-dmj78gb31fq247ms2jrostb9ri70bdmv.apps.googleusercontent.com",
              "client_type": 3
            }
          ]
        }
      }
    }
  ],
  "configuration_version": "1"
}